{
	"displayName": "Glowstone Chicken",
	"dropItem": "minecraft:glowstone",
	"dropItemNBT": "",
	"spawnNaturally": false,
	"spawnType": 0,
	"spawnLight": 0,
	"spawnBlocks": ["minecraft:netherrack"],
	"canBreed": true,
	"baseHealth": 4,
	"baseSpeed": 0.25,
	"isFireImmune": true,
	"conversion": 250,
	"eggLayTime": 6000,
	"eggColorBackground": "16505460",
	"eggColorForeground": "13403732",
	"hasTrait": 0,
	"parentA": "resourcechickens:quartz",
	"parentB": "resourcechickens:dye_yellow",
	"enabled": true
}
