{
	"displayName": "Yellorium Chicken",
	"dropItem": "tag:forge:ingots/uranium",
	"dropItemNBT": "",
	"spawnNaturally": false,
	"spawnType": 1,
	"spawnLight": 7,
	"spawnBlocks": ["minecraft:grass_block", "minecraft:stone"],
	"canBreed": true,
	"baseHealth": 4,
	"baseSpeed": 0.25,
	"isFireImmune": false,
	"conversion": 250,
	"eggLayTime": 6000,
	"eggColorBackground": "14286827",
	"eggColorForeground": "12434688",
	"hasTrait": 9,
	"parentA": "",
	"parentB": "",
	"enabled": true
}
