{
  "version": "1.6.2",
  "shouldAutoUpdate": true,
  "allowedDimensions": [
    "aether:the_aether",
    "aether_ii:aether_highlands"
  ],
  "allowedBiomes": [],
  "equatorZ": 0,
  "blocks90": 20000,
  "ignoreStarBrightness": false,
  "endlessPoles": false,
  "auroraHeightOffset": -2000,
  "pixelStyle": true,
  "auroraDetail": 200,
  "yearLength": 365,
  "auroraWaveOctaves": 1,
  "auroraWaveAmplitude": 1200,
  "auroraWaveFrequency": 25,
  "auroraWaveSpeed": 1.0E-6,
  "auroraHeightOctaves": 1,
  "auroraHeightFrequency": 100,
  "auroraHeightSpeed": 2.0E-6,
  "auroraHeightAmplitudeTop": 3000,
  "auroraHeightAmplitudeMid": 500,
  "auroraHeightAmplitudeLower": 200,
  "auroraWidth": 0.5,
  "auroraHeight": 0.02,
  "auroraFrequency": 1,
  "auroraWidthRadius": 0.5,
  "auroraLengthRadius": 0.5,
  "auroraDistanceFactor": 1.5,
  "auroraMaxPoleOffset": 5000,
  "auroraRotationSpeed": 0.5,
  "auroraVisiblityOctaves": 1,
  "aboveHeadPosition": true,
  "playerMovementFactor": 1.0E-4,
  "playerAltitudeFactor": 1,
  "auroraBandDistanceFactor": 1600,
  "auroraAmountOctaves": 4,
  "auroraAmountAmplitude": 1,
  "auroraColorUpdateSpeed": 1,
  "blueLayerFactorExtra": 0.5,
  "redLayerFactorExtra": 1,
  "redLayerFactor": 2,
  "greenLayerFactor": 6,
  "blueLayerFactor": -1,
  "topColorCycle": 1200,
  "midColorCycle": 1200,
  "lowerColorCycle": 1200,
  "topColorOctaves": 2,
  "midColorOctaves": 3,
  "lowerColorOctaves": 1,
  "topColorHSBMin": 0.0,
  "topColorHSBMax": 0.05,
  "midColorHSBMin": 0.22,
  "midColorHSBMax": 0.41,
  "lowerColorHSBMin": 0.6,
  "lowerColorHSBMax": 0.88
}