{
	"displayName": "Magma Chicken",
	"dropItem": "minecraft:magma_cream",
	"dropItemNBT": "",
	"spawnNaturally": false,
	"spawnType": 0,
	"spawnLight": 0,
	"spawnBlocks": ["minecraft:netherrack", "minecraft:magma_block", "minecraft:basalt"],
	"canBreed": true,
	"baseHealth": 4,
	"baseSpeed": 0.25,
	"isFireImmune": true,
	"conversion": 250,
	"eggLayTime": 6000,
	"eggColorBackground": "13257483",
	"eggColorForeground": "5349438",
	"hasTrait": 0,
	"parentA": "resourcechickens:slime",
	"parentB": "resourcechickens:blaze",
	"enabled": true
}
