[
  {
    "user": {
      "type": "player",
      "name": "xX_BACONPALE2_Xx",
      "uniqueId": "0adae12d-bbe2-4afb-b969-af9daf22a5f2"
    },
    "time": 1737109421936,
    "type": "Profiler (live)",
    "data": {
      "type": "url",
      "value": "https://spark.lucko.me/sfQrKFXhvj"
    }
  },
  {
    "user": {
      "type": "player",
      "name": "xX_BACONPALE2_Xx",
      "uniqueId": "0adae12d-bbe2-4afb-b969-af9daf22a5f2"
    },
    "time": 1737108703277,
    "type": "Profiler (live)",
    "data": {
      "type": "url",
      "value": "https://spark.lucko.me/F8GQn4GNd8"
    }
  },
  {
    "user": {
      "type": "player",
      "name": "xX_BACONPALE2_Xx",
      "uniqueId": "0adae12d-bbe2-4afb-b969-af9daf22a5f2"
    },
    "time": 1737108568492,
    "type": "Profiler (live)",
    "data": {
      "type": "url",
      "value": "https://spark.lucko.me/3OCjvn72XA"
    }
  },
  {
    "user": {
      "type": "player",
      "name": "xX_BACONPALE2_Xx",
      "uniqueId": "0adae12d-bbe2-4afb-b969-af9daf22a5f2"
    },
    "time": 1737108307947,
    "type": "Profiler (live)",
    "data": {
      "type": "url",
      "value": "https://spark.lucko.me/7XPVSgHN6g"
    }
  },
  {
    "user": {
      "type": "player",
      "name": "xX_BACONPALE2_Xx",
      "uniqueId": "0adae12d-bbe2-4afb-b969-af9daf22a5f2"
    },
    "time": 1737107688182,
    "type": "Profiler (live)",
    "data": {
      "type": "url",
      "value": "https://spark.lucko.me/GcKpHELzeD"
    }
  }
]