{
	"displayName": "Certus Chicken",
	"dropItem": "ae2:certus_quartz_crystal",
	"dropItemNBT": "",
	"spawnNaturally": false,
	"spawnType": 1,
	"spawnLight": 7,
	"spawnBlocks": ["minecraft:grass_block", "minecraft:stone"],
	"canBreed": true,
	"baseHealth": 4,
	"baseSpeed": 0.25,
	"isFireImmune": false,
	"conversion": 250,
	"eggLayTime": 6000,
	"eggColorBackground": "13621492",
	"eggColorForeground": "9408399",
	"hasTrait": 0,
	"parentA": "",
	"parentB": "",
	"enabled": true
}
