{
  "replaceDefault": false,
  "values": [
    {
      "registryName": "minecraft:melon",
      "hungerRestored": 10000,
      "isBreedingItem": false
    },
    {
      "registryName": "minecraft:pumpkin",
      "hungerRestored": 10000,
      "isBreedingItem": false
    },
    {
      "registryName": "minecraft:tall_grass",
      "hungerRestored": 6000,
      "isBreedingItem": false
    },
    {
      "registryName": "minecraft:grass",
      "hungerRestored": 6000,
      "isBreedingItem": false
    },
    {
      "registryName": "minecraft:vine",
      "hungerRestored": 3000,
      "isBreedingItem": false
    },
    {
      "registryName": "minecraft:hay_block",
      "hungerRestored": 54000,
      "isBreedingItem": false
    },
    {
      "registryName": "minecraft:oak_leaves",
      "hungerRestored": 1000,
      "isBreedingItem": false
    },
    {
      "registryName": "minecraft:dark_oak_leaves",
      "hungerRestored": 1000,
      "isBreedingItem": false
    },
    {
      "registryName": "minecraft:carrot",
      "hungerRestored": 3000,
      "isBreedingItem": true
    },
    {
      "registryName": "minecraft:potato",
      "hungerRestored": 3000,
      "isBreedingItem": true
    },
    {
      "registryName": "minecraft:beetroot",
      "hungerRestored": 3000,
      "isBreedingItem": true
    },
    {
      "registryName": "minecraft:wheat",
      "hungerRestored": 6000,
      "isBreedingItem": false
    },
    {
      "registryName": "minecraft:sugar",
      "hungerRestored": 1500,
      "isBreedingItem": false
    },
    {
      "registryName": "minecraft:apple",
      "hungerRestored": 1500,
      "isBreedingItem": false
    },
    {
      "registryName": "minecraft:bread",
      "hungerRestored": 18000,
      "isBreedingItem": false
    },
    {
      "registryName": "forge:egg",
      "hungerRestored": 100,
      "isBreedingItem": false
    },
    {
      "registryName": "minecraft:turtle_egg",
      "hungerRestored": 100,
      "isBreedingItem": false
    },
    {
      "tag": "forge:seeds",
      "hungerRestored": 100,
      "isBreedingItem": false
    },
    {
      "registryName": "minecraft:sweet_berries",
      "hungerRestored": 100,
      "isBreedingItem": false
    },
    {
      "registryName": "minecraft:rotten_flesh",
      "hungerRestored": 200,
      "isBreedingItem": false
    },
    {
      "registryName": "minecraft:brown_mushroom",
      "hungerRestored": 1000,
      "isBreedingItem": false
    },
    {
      "registryName": "minecraft:oak_sapling",
      "hungerRestored": 1000,
      "isBreedingItem": false
    },
    {
      "registryName": "minecraft:dark_oak_sapling",
      "hungerRestored": 1000,
      "isBreedingItem": false
    },
    {
      "registryName": "minecraft:melon_slice",
      "hungerRestored": 1000,
      "isBreedingItem": false
    },
    {
      "registryName": "eanimod:unboundhay_block",
      "hungerRestored": 54000,
      "isBreedingItem": false
    },
    {
      "registryName": "minecraft:cooked_beef",
      "hungerRestored": 3000,
      "isBreedingItem": false
    },
    {
      "registryName": "minecraft:cooked_chicken",
      "hungerRestored": 3000,
      "isBreedingItem": false
    },
    {
      "registryName": "minecraft:cooked_mutton",
      "hungerRestored": 3000,
      "isBreedingItem": false
    },
    {
      "registryName": "minecraft:cooked_salmon",
      "hungerRestored": 3000,
      "isBreedingItem": false
    },
    {
      "registryName": "minecraft:cooked_rabbit",
      "hungerRestored": 1500,
      "isBreedingItem": false
    },
    {
      "registryName": "eanimod:cookedchicken_darkbig",
      "hungerRestored": 3000,
      "isBreedingItem": false
    },
    {
      "registryName": "eanimod:cookedchicken_dark",
      "hungerRestored": 2000,
      "isBreedingItem": false
    },
    {
      "registryName": "eanimod:cookedchicken_darksmall",
      "hungerRestored": 1000,
      "isBreedingItem": false
    },
    {
      "registryName": "eanimod:cookedchicken_pale",
      "hungerRestored": 2000,
      "isBreedingItem": false
    },
    {
      "registryName": "eanimod:cookedchicken_palesmall",
      "hungerRestored": 1000,
      "isBreedingItem": false
    },
    {
      "registryName": "eanimod:cookedrabbit_small",
      "hungerRestored": 750,
      "isBreedingItem": false
    }
  ]
}