{
  "careyatros_spawn": true,
  "careyatros_spawn_chance": 80,
  "shecko_spawn": true,
  "shecko_spawn_chance": 80,
  "banndu_spawn": true,
  "banndu_spawn_chance": 50,
  "crasu_spawn": true,
  "crasu_spawn_chance": 70,
  "dogishi_spawn": true,
  "dogishi_spawn_chance": 70,
  "dosmo_spawn": true,
  "dosmo_spawn_chance": 60,
  "grudels_spawn": true,
  "grudels_spawn_chance": 70,
  "zatlah_spawn": true,
  "zatlah_spawn_chance": 50,
  "gusnow_spawn": true,
  "gusnow_spawn_chance": 60,
  "molluto_spawn": true,
  "molluto_spawn_chance": 60,
  "muba_spawn": true,
  "muba_spawn_chance": 50,
  "pangolin_spawn": true,
  "pangolin_spawn_chance": 60,
  "radioactive_bear_spawn": true,
  "radioactive_bear_spawn_chance": 40,
  "skinno_spawn": true,
  "skinno_spawn_chance": 80,
  "sppinto_spawn": true,
  "sppinto_spawn_chance": 60,
  "drazor_spawn": true,
  "drazor_spawn_chance": 70,
  "juvex_spawn": true,
  "juvex_spawn_chance": 70,
  "darknix_spawn": true,
  "darknix_spawn_chance": 80,
  "turlan_spawn": true,
  "turlan_spawn_chance": 70,
  "snovy_spawn": true,
  "snovy_spawn_chance": 40
}