{
	"displayName": "Quart Enriched Iron Chicken",
	"dropItem": "refinedstorage:quartz_enriched_iron",
	"dropItemNBT": "",
	"spawnNaturally": false,
	"spawnType": 1,
	"spawnLight": 7,
	"spawnBlocks": ["minecraft:grass_block", "minecraft:stone"],
	"canBreed": true,
	"baseHealth": 4,
	"baseSpeed": 0.25,
	"isFireImmune": false,
	"conversion": 250,
	"eggLayTime": 6000,
	"eggColorBackground": "14803164",
	"eggColorForeground": "13553092",
	"hasTrait": 0,
	"parentA": "",
	"parentB": "",
	"enabled": true
}
