{
  "version": "1.3.1",
  "shouldAutoUpdate": true,
  "allowedDimensions": [
    "minecraft:overworld"
  ],
  "allowedBiomes": [],
  "rainbowDetail": 50,
  "rainbowWidthDeg": 42.0,
  "rainbowHeightDeg": 42.0,
  "rainbowDoubleWidthDeg": 52.0,
  "rainbowDoubleHeightDeg": 52.0,
  "rainbowDoubleThickness": 1.01,
  "rainbowDistance": 500.0,
  "rainbowHeightOffset": 0.0,
  "rainbowAlpha": 0.4,
  "rainbowDoubleAlpha": 0.2,
  "rainbowSpeed": 1.0,
  "rainbowDoubleSpeed": 0.001,
  "rainbowThickness": 0.98,
  "alphaRed": 0.5,
  "alphaOrange": 0.5,
  "alphaYellow": 0.5,
  "alphaGreen": 0.5,
  "alphaCyan": 0.5,
  "alphaBlue": 0.5,
  "alphaViolet": 0.5,
  "alphaWhite": 0.25
}