{
  "fullbrightnesstoggle.key.togglebrightness": {
    "keyCode": 71,
    "keyType": "KEYBOARD",
    "alt": true,
    "shift": false,
    "ctrl": false
  },
  "iris.keybind.reload": {
    "keyCode": 84,
    "keyType": "KEYBOARD",
    "alt": false,
    "shift": true,
    "ctrl": false
  },
  "keybind.sophisticatedbackpacks.open_backpack": {
    "keyCode": 66,
    "keyType": "KEYBOARD",
    "alt": false,
    "shift": true,
    "ctrl": false
  },
  "gui.xaero_enlarge_map": {
    "keyCode": 77,
    "keyType": "KEYBOARD",
    "alt": true,
    "shift": false,
    "ctrl": false
  },
  "gui.xaero_minimap_settings": {
    "keyCode": 89,
    "keyType": "KEYBOARD",
    "alt": true,
    "shift": false,
    "ctrl": false
  },
  "key.jade.toggle_liquid": {
    "keyCode": 322,
    "keyType": "KEYBOARD",
    "alt": false,
    "shift": false,
    "ctrl": true
  },
  "quark.keybind.variant_selector": {
    "keyCode": 50,
    "keyType": "KEYBOARD",
    "alt": false,
    "shift": true,
    "ctrl": false
  },
  "key.voice_chat_adjust_volumes": {
    "keyCode": 96,
    "keyType": "KEYBOARD",
    "alt": false,
    "shift": true,
    "ctrl": false
  },
  "key.aether.open_accessories.desc": {
    "keyCode": 73,
    "keyType": "KEYBOARD",
    "alt": true,
    "shift": false,
    "ctrl": false
  },
  "key.corpse.death_history": {
    "keyCode": 85,
    "keyType": "KEYBOARD",
    "alt": false,
    "shift": false,
    "ctrl": true
  },
  "chunkloaders.keys.open_screen": {
    "keyCode": 49,
    "keyType": "KEYBOARD",
    "alt": false,
    "shift": true,
    "ctrl": false
  },
  "key.structure_gel.open_building_tool_gui": {
    "keyCode": 82,
    "keyType": "KEYBOARD",
    "alt": false,
    "shift": true,
    "ctrl": false
  },
  "info.structure_gel.building_tool.undo": {
    "keyCode": 90,
    "keyType": "KEYBOARD",
    "alt": false,
    "shift": false,
    "ctrl": true
  },
  "iris.keybind.shaderPackSelection": {
    "keyCode": 79,
    "keyType": "KEYBOARD",
    "alt": false,
    "shift": false,
    "ctrl": true
  },
  "gui.xaero_open_settings": {
    "keyCode": 93,
    "keyType": "KEYBOARD",
    "alt": false,
    "shift": false,
    "ctrl": true
  },
  "iris.keybind.toggleShaders": {
    "keyCode": 55,
    "keyType": "KEYBOARD",
    "alt": false,
    "shift": true,
    "ctrl": false
  },
  "gui.xaero_waypoints_key": {
    "keyCode": 85,
    "keyType": "KEYBOARD",
    "alt": true,
    "shift": false,
    "ctrl": false
  },
  "key.clienttweaks.disableLogStripping": {
    "keyCode": 51,
    "keyType": "KEYBOARD",
    "alt": false,
    "shift": true,
    "ctrl": false
  },
  "key.cadmus.open_claim_map": {
    "keyCode": 77,
    "keyType": "KEYBOARD",
    "alt": false,
    "shift": true,
    "ctrl": false
  },
  "key.inventoryhud.toggle": {
    "keyCode": 79,
    "keyType": "KEYBOARD",
    "alt": true,
    "shift": false,
    "ctrl": false
  },
  "key.inventoryhud.openconfig": {
    "keyCode": 67,
    "keyType": "KEYBOARD",
    "alt": true,
    "shift": false,
    "ctrl": false
  },
  "key.craftpresence.config_keycode.name": {
    "keyCode": 45,
    "keyType": "KEYBOARD",
    "alt": true,
    "shift": false,
    "ctrl": false
  },
  "keybind.sophisticatedbackpacks.toggle_upgrade_1": {
    "keyCode": 90,
    "keyType": "KEYBOARD",
    "alt": false,
    "shift": true,
    "ctrl": false
  },
  "key.aether.invisibility_toggle.desc": {
    "keyCode": 73,
    "keyType": "KEYBOARD",
    "alt": false,
    "shift": true,
    "ctrl": false
  }
}