{
  "_README": "https://gitlab.com/CDAGaming/CraftPresence/-/wikis/home",
  "_SOURCE": "https://gitlab.com/CDAGaming/CraftPresence",
  "_schemaVersion": 6,
  "_lastMCVersionId": 763,
  "generalSettings": {
    "detectATLauncherInstance": true,
    "detectCurseManifest": true,
    "detectMultiMCManifest": true,
    "detectMCUpdaterInstance": true,
    "detectTechnicPack": true,
    "detectModrinthPack": true,
    "detectBiomeData": true,
    "detectDimensionData": true,
    "detectWorldData": true,
    "clientId": "450485984333660181",
    "defaultIcon": "Aether Official Server Pack Icon",
    "enableJoinRequests": false,
    "partyPrivacyLevel": 1,
    "preferredClientLevel": 3,
    "resetTimeOnInit": false,
    "autoRegister": false
  },
  "biomeSettings": {
    "fallbackBiomeIcon": "unknown",
    "biomeData": {
      "default": {
        "textOverride": "Playing in {biome.name}"
      }
    }
  },
  "dimensionSettings": {
    "fallbackDimensionIcon": "unknown",
    "dimensionData": {
      "default": {
        "textOverride": "In the {dimension.name}"
      },
      "overworld": {
        "textOverride": "In the {dimension.name}",
        "iconOverride": "Server - Overworld",
        "data": {
          "enabled": true,
          "useAsMain": false,
          "details": "",
          "gameState": "",
          "largeImageKey": "",
          "largeImageText": "",
          "smallImageKey": "",
          "smallImageText": "",
          "startTimestamp": "",
          "endTimestamp": "",
          "buttons": {
            "default": {
              "label": "Example Text",
              "url": "https://google.com"
            }
          }
        }
      },
      "the_aether": {
        "textOverride": "In the {dimension.name}",
        "iconOverride": "Server - The Aether"
      },
      "the_nether": {
        "textOverride": "In the {dimension.name}",
        "iconOverride": "Server - The Nether"
      },
      "the_end": {
        "textOverride": "In the {dimension.name}",
        "iconOverride": "Server - The End"
      }
    }
  },
  "serverSettings": {
    "fallbackServerIcon": "default",
    "fallbackServerName": "Minecraft Server",
    "fallbackServerMotd": "A Minecraft Server",
    "serverData": {
      "default": {
        "textOverride": "{server.motd.raw}"
      }
    }
  },
  "statusMessages": {
    "mainMenuData": {
      "textOverride": "In the Main Menu"
    },
    "loadingData": {
      "textOverride": "Loading..."
    },
    "lanData": {
      "textOverride": "Playing on a LAN Server"
    },
    "singleplayerData": {
      "textOverride": "Playing Singleplayer"
    }
  },
  "advancedSettings": {
    "enablePerGui": false,
    "enablePerItem": false,
    "enablePerEntity": false,
    "formatWords": true,
    "debugMode": false,
    "verboseMode": false,
    "refreshRate": 2,
    "allowPlaceholderPreviews": false,
    "guiSettings": {
      "fallbackGuiIcon": "unknown",
      "guiData": {
        "default": {
          "textOverride": "In {screen.name}"
        }
      }
    },
    "itemMessages": {
      "default": "Holding {item.message.holding}"
    },
    "entitySettings": {
      "fallbackEntityIcon": "unknown",
      "targetData": {
        "default": {
          "textOverride": "Targeting {entity.target.name}"
        }
      },
      "ridingData": {
        "default": {
          "textOverride": "Riding {entity.riding.name}"
        }
      }
    },
    "allowEndpointIcons": true,
    "serverIconEndpoint": "https://api.mcsrvstat.us/icon/{server.address.short}",
    "playerSkinEndpoint": "https://mc-heads.net/avatar/{getOrDefault(player.uuid.short, player.name)}",
    "allowDuplicatePackets": false,
    "maxConnectionAttempts": 10
  },
  "accessibilitySettings": {
    "tooltipBackground": {
      "start": {
        "red": 16,
        "green": 0,
        "blue": 16,
        "alpha": 240
      }
    },
    "tooltipBorder": {
      "start": {
        "red": 80,
        "green": 0,
        "blue": 255,
        "alpha": 80
      },
      "end": {
        "red": 40,
        "green": 0,
        "blue": 127,
        "alpha": 80
      }
    },
    "guiBackground": {
      "start": {
        "red": 46,
        "green": 46,
        "blue": 46,
        "alpha": 255
      },
      "texLocation": "aether:textures/gui/title/options_background.png"
    },
    "worldGuiBackground": {
      "start": {
        "red": 0,
        "green": 25,
        "blue": 30,
        "alpha": 186
      },
      "end": {
        "red": 0,
        "green": 40,
        "blue": 50,
        "alpha": 186
      }
    },
    "languageId": "en_us",
    "stripTranslationColors": false,
    "stripExtraGuiElements": false,
    "renderTooltips": true,
    "configKeyCode": -1
  },
  "displaySettings": {
    "presenceData": {
      "enabled": true,
      "useAsMain": false,
      "details": "{getFirst(menu.message, dimension.message)}",
      "gameState": "{getOrDefault(server.message)} w/ {getOrDefault(pack.name)}",
      "largeImageKey": "{getFirst(menu.icon, dimension.icon)}",
      "largeImageText": "{getFirst(menu.message, dimension.message)}",
      "smallImageKey": "{getFirst(server.icon, pack.icon)}",
      "smallImageText": "{getOrDefault(server.message)} w/ {getOrDefault(pack.name)}",
      "startTimestamp": "{data.general.time}",
      "endTimestamp": "",
      "buttons": {
        "default": {
          "label": "Example Text",
          "url": "https://google.com"
        }
      }
    },
    "dynamicIcons": {
      "bconlon": "https://mc-heads.net/avatar/58a5d694a8a64605ab33d6904107ad5f",
      "default": "https://via.placeholder.com/256.png",
      "oats.aether-mod.net": "https://api.mcsrvstat.us/icon/oats.aether-mod.net",
      "Aether Official Server Pack Icon": "https://cdn-raw.modrinth.com/data/l8jfxGur/be810561fcf3d7c0ac7255903e326deb2a931323.png",
      "Server - Overworld": "https://raw.githubusercontent.com/The-Aether-Team/.github/main/discord/overworld.png",
      "Server - The Aether": "https://raw.githubusercontent.com/The-Aether-Team/.github/main/discord/the_aether.png",
      "Server - The Nether": "https://raw.githubusercontent.com/The-Aether-Team/.github/main/discord/the_nether.png",
      "Server - The End": "https://raw.githubusercontent.com/The-Aether-Team/.github/main/discord/the_end.png",
      "xX_BACONPALE2_Xx": "https://mc-heads.net/avatar/0adae12dbbe24afbb969af9daf22a5f2",
      "mc1544235.fmcs.cloud": "https://api.mcsrvstat.us/icon/mc1544235.fmcs.cloud"
    },
    "dynamicVariables": {
      "default": "Example Text",
      "mods": "{general.mods} Mod(s)",
      "player_info_coordinate": "At {player.position.x}, {player.position.z}",
      "players": "{server.players.current} / {server.players.max} Players",
      "player_info_in": "({custom.player_info.health})",
      "player_info_items": "Items: {item.main_hand.message}",
      "player_info_out": "As {player.name}",
      "player_info_health": "Health: {player.health.current}/{player.health.max}",
      "world_info": "On {world.name}",
      "pack": "{pack.name}"
    }
  }
}