{
  "replaceDefault": false,
  "values": [
    {
      "tag": "forge:seeds",
      "hungerRestored": 4000,
      "isBreedingItem": true
    },
    {
      "registryName": "minecraft:tall_grass",
      "hungerRestored": 6000,
      "isBreedingItem": false
    },
    {
      "registryName": "minecraft:grass",
      "hungerRestored": 3000,
      "isBreedingItem": false
    },
    {
      "registryName": "minecraft:bread",
      "hungerRestored": 18000,
      "isBreedingItem": false
    },
    {
      "registryName": "minecraft:wheat_seeds",
      "hungerRestored": 4000,
      "isBreedingItem": true
    },
    {
      "registryName": "minecraft:melon_seeds",
      "hungerRestored": 4000,
      "isBreedingItem": true
    },
    {
      "registryName": "minecraft:pumpkin_seeds",
      "hungerRestored": 4000,
      "isBreedingItem": true
    },
    {
      "registryName": "minecraft:beetroot_seeds",
      "hungerRestored": 4000,
      "isBreedingItem": true
    },
    {
      "registryName": "minecraft:melon_slice",
      "hungerRestored": 2000,
      "isBreedingItem": false
    },
    {
      "registryName": "minecraft:sweet_berries",
      "hungerRestored": 1500,
      "isBreedingItem": false
    },
    {
      "registryName": "minecraft:dandelion",
      "hungerRestored": 1500,
      "isBreedingItem": false
    },
    {
      "registryName": "minecraft:spider_eye",
      "hungerRestored": 1500,
      "isBreedingItem": false
    },
    {
      "registryName": "minecraft:egg",
      "hungerRestored": 200,
      "isBreedingItem": false
    }
  ]
}