{
	"displayName": "Cyan Dye Chicken",
	"dropItem": "minecraft:cyan_dye",
	"dropItemNBT": "",
	"spawnNaturally": false,
	"spawnType": 1,
	"spawnLight": 7,
	"spawnBlocks": ["minecraft:grass_block"],
	"canBreed": true,
	"baseHealth": 4,
	"baseSpeed": 0.25,
	"isFireImmune": false,
	"conversion": 250,
	"eggLayTime": 6000,
	"eggColorBackground": "1481884",
	"eggColorForeground": "15921906",
	"hasTrait": 0,
	"parentA": "resourcechickens:dye_blue",
	"parentB": "resourcechickens:dye_green",
	"enabled": true
}
