{
  "message": "Only change index and hidden - Can be used as list for custom keys",
  "pages": [
    {
      "name": "key.categories.gameplay",
      "index": 0,
      "hidden": false,
      "keys": [
        "key.attack",
        "key.use",
        "key.pickItem"
      ]
    },
    {
      "name": "key.categories.movement",
      "index": 1,
      "hidden": false,
      "keys": [
        "key.forward",
        "key.left",
        "key.back",
        "key.right",
        "key.jump",
        "key.sneak",
        "key.sprint"
      ]
    },
    {
      "name": "key.categories.inventory",
      "index": 2,
      "hidden": false,
      "keys": [
        "key.drop",
        "key.inventory",
        "key.swapOffhand",
        "key.hotbar.1",
        "key.hotbar.2",
        "key.hotbar.3",
        "key.hotbar.4",
        "key.hotbar.5",
        "key.hotbar.6",
        "key.hotbar.7"
      ]
    },
    {
      "name": "key.categories.inventory",
      "index": 3,
      "hidden": false,
      "keys": [
        "key.hotbar.8",
        "key.hotbar.9",
        "equipmentcompare.key.showTooltips"
      ]
    },
    {
      "name": "key.categories.multiplayer",
      "index": 4,
      "hidden": false,
      "keys": [
        "key.chat",
        "key.playerlist",
        "key.command",
        "key.socialInteractions"
      ]
    },
    {
      "name": "key.categories.misc",
      "index": 5,
      "hidden": false,
      "keys": [
        "key.screenshot",
        "key.togglePerspective",
        "key.smoothCamera",
        "key.fullscreen",
        "key.spectatorOutlines",
        "key.advancements"
      ]
    },
    {
      "name": "key.categories.creative",
      "index": 6,
      "hidden": false,
      "keys": [
        "key.saveToolbarActivator",
        "key.loadToolbarActivator"
      ]
    },
    {
      "name": "key.categories.toomanykeybinds",
      "index": 32,
      "hidden": false,
      "keys": [
        "key.toomanykeybinds.open_tmk"
      ]
    },
    {
      "name": "key.inventoryhud.category",
      "index": 48,
      "hidden": false,
      "keys": [
        "key.inventoryhud.toggle",
        "key.inventoryhud.openconfig",
        "key.inventoryhud.togglepot",
        "key.inventoryhud.togglearm",
        "key.inventoryhud.toggleall"
      ]
    },
    {
      "name": "key.craftpresence.category",
      "index": 50,
      "hidden": false,
      "keys": [
        "key.craftpresence.config_keycode.name"
      ]
    }
  ]
}