{
  "DO_NOT_CHANGE_IT": 1,
  "modpackName": "",
  "modpackHost": true,
  "generateModpackOnStart": true,
  "syncedFiles": [
    "/mods/*.jar",
    "!/mods/iDontWantThisModInModpack.jar",
    "!/config/andThisConfigToo.json",
    "!/mods/andAllTheseMods-*.jar",
    "!/mods/server-*.jar"
  ],
  "allowEditsInFiles": [
    "/options.txt",
    "/config/*",
    "!/config/excludeThisFile"
  ],
  "autoExcludeUnnecessaryFiles": true,
  "requireAutoModpackOnClient": true,
  "nagUnModdedClients": true,
  "nagMessage": "This server provides dedicated modpack through AutoModpack!",
  "nagClickableMessage": "Click here to get the AutoModpack!",
  "nagClickableLink": "https://modrinth.com/project/automodpack",
  "autoExcludeServerSideMods": true,
  "hostModpackOnMinecraftPort": true,
  "hostIp": "",
  "hostLocalIp": "",
  "updateIpsOnEveryStart": false,
  "hostPort": -1,
  "reverseProxy": false,
  "selfUpdater": false,
  "acceptedLoaders": [
    "forge"
  ]
}