[
  {
    "user": {
      "type": "player",
      "name": "xX_BACONPALE2_Xx",
      "uniqueId": "0adae12d-bbe2-4afb-b969-af9daf22a5f2"
    },
    "time": 1737088876219,
    "type": "Profiler",
    "data": {
      "type": "url",
      "value": "https://spark.lucko.me/FW4OYTkNNG"
    }
  },
  {
    "user": {
      "type": "player",
      "name": "xX_BACONPALE2_Xx",
      "uniqueId": "0adae12d-bbe2-4afb-b969-af9daf22a5f2"
    },
    "time": 1737088840558,
    "type": "Profiler (live)",
    "data": {
      "type": "url",
      "value": "https://spark.lucko.me/pg9n0PfJh0"
    }
  },
  {
    "user": {
      "type": "player",
      "name": "xX_BACONPALE2_Xx",
      "uniqueId": "0adae12d-bbe2-4afb-b969-af9daf22a5f2"
    },
    "time": 1737088672595,
    "type": "Profiler",
    "data": {
      "type": "url",
      "value": "https://spark.lucko.me/YF8VH1QdvG"
    }
  },
  {
    "user": {
      "type": "player",
      "name": "xX_BACONPALE2_Xx",
      "uniqueId": "0adae12d-bbe2-4afb-b969-af9daf22a5f2"
    },
    "time": 1737088596345,
    "type": "Profiler (live)",
    "data": {
      "type": "url",
      "value": "https://spark.lucko.me/1yhH6An1h7"
    }
  },
  {
    "user": {
      "type": "player",
      "name": "xX_BACONPALE2_Xx",
      "uniqueId": "0adae12d-bbe2-4afb-b969-af9daf22a5f2"
    },
    "time": 1737087399658,
    "type": "Profiler (live)",
    "data": {
      "type": "url",
      "value": "https://spark.lucko.me/okAcYfmTN7"
    }
  },
  {
    "user": {
      "type": "player",
      "name": "xX_BACONPALE2_Xx",
      "uniqueId": "0adae12d-bbe2-4afb-b969-af9daf22a5f2"
    },
    "time": 1737087095569,
    "type": "Profiler (live)",
    "data": {
      "type": "url",
      "value": "https://spark.lucko.me/MxYZJC00Rs"
    }
  },
  {
    "user": {
      "type": "player",
      "name": "xX_BACONPALE2_Xx",
      "uniqueId": "0adae12d-bbe2-4afb-b969-af9daf22a5f2"
    },
    "time": 1737087041655,
    "type": "Profiler (live)",
    "data": {
      "type": "url",
      "value": "https://spark.lucko.me/EQbYry32xS"
    }
  },
  {
    "user": {
      "type": "player",
      "name": "xX_BACONPALE2_Xx",
      "uniqueId": "0adae12d-bbe2-4afb-b969-af9daf22a5f2"
    },
    "time": 1737085993378,
    "type": "Profiler (live)",
    "data": {
      "type": "url",
      "value": "https://spark.lucko.me/VqY7Tr1c6I"
    }
  },
  {
    "user": {
      "type": "player",
      "name": "xX_BACONPALE2_Xx",
      "uniqueId": "0adae12d-bbe2-4afb-b969-af9daf22a5f2"
    },
    "time": 1737054632823,
    "type": "Profiler (live)",
    "data": {
      "type": "url",
      "value": "https://spark.lucko.me/68tqBLoLrc"
    }
  },
  {
    "user": {
      "type": "player",
      "name": "xX_BACONPALE2_Xx",
      "uniqueId": "0adae12d-bbe2-4afb-b969-af9daf22a5f2"
    },
    "time": 1737026945596,
    "type": "Profiler",
    "data": {
      "type": "url",
      "value": "https://spark.lucko.me/6oaz9Kzdum"
    }
  },
  {
    "user": {
      "type": "player",
      "name": "xX_BACONPALE2_Xx",
      "uniqueId": "0adae12d-bbe2-4afb-b969-af9daf22a5f2"
    },
    "time": 1737026940772,
    "type": "Profiler",
    "data": {
      "type": "url",
      "value": "https://spark.lucko.me/9vt4BlsQ6y"
    }
  },
  {
    "user": {
      "type": "player",
      "name": "xX_BACONPALE2_Xx",
      "uniqueId": "0adae12d-bbe2-4afb-b969-af9daf22a5f2"
    },
    "time": 1737026937600,
    "type": "Profiler",
    "data": {
      "type": "url",
      "value": "https://spark.lucko.me/T4ySa4XyhS"
    }
  },
  {
    "user": {
      "type": "player",
      "name": "xX_BACONPALE2_Xx",
      "uniqueId": "0adae12d-bbe2-4afb-b969-af9daf22a5f2"
    },
    "time": 1737026811677,
    "type": "Profiler (live)",
    "data": {
      "type": "url",
      "value": "https://spark.lucko.me/CpEc3rLx8n"
    }
  },
  {
    "user": {
      "type": "player",
      "name": "xX_BACONPALE2_Xx",
      "uniqueId": "0adae12d-bbe2-4afb-b969-af9daf22a5f2"
    },
    "time": 1737001326125,
    "type": "Profiler (live)",
    "data": {
      "type": "url",
      "value": "https://spark.lucko.me/4IB9BNwxIq"
    }
  },
  {
    "user": {
      "type": "player",
      "name": "xX_BACONPALE2_Xx",
      "uniqueId": "0adae12d-bbe2-4afb-b969-af9daf22a5f2"
    },
    "time": 1737000141076,
    "type": "Profiler (live)",
    "data": {
      "type": "url",
      "value": "https://spark.lucko.me/xMJGl9rRBm"
    }
  },
  {
    "user": {
      "type": "player",
      "name": "xX_BACONPALE2_Xx",
      "uniqueId": "0adae12d-bbe2-4afb-b969-af9daf22a5f2"
    },
    "time": 1736756026986,
    "type": "Profiler",
    "data": {
      "type": "url",
      "value": "https://spark.lucko.me/UGU87q1mux"
    }
  },
  {
    "user": {
      "type": "player",
      "name": "xX_BACONPALE2_Xx",
      "uniqueId": "0adae12d-bbe2-4afb-b969-af9daf22a5f2"
    },
    "time": 1736755597742,
    "type": "Profiler (live)",
    "data": {
      "type": "url",
      "value": "https://spark.lucko.me/StPk74zxZP"
    }
  },
  {
    "user": {
      "type": "player",
      "name": "xX_BACONPALE2_Xx",
      "uniqueId": "0adae12d-bbe2-4afb-b969-af9daf22a5f2"
    },
    "time": 1736755206338,
    "type": "Profiler (live)",
    "data": {
      "type": "url",
      "value": "https://spark.lucko.me/IL23cBpbN1"
    }
  },
  {
    "user": {
      "type": "player",
      "name": "xX_BACONPALE2_Xx",
      "uniqueId": "0adae12d-bbe2-4afb-b969-af9daf22a5f2"
    },
    "time": 1736668840929,
    "type": "Profiler (live)",
    "data": {
      "type": "url",
      "value": "https://spark.lucko.me/6NIRVzllQh"
    }
  },
  {
    "user": {
      "type": "player",
      "name": "xX_BACONPALE2_Xx",
      "uniqueId": "0adae12d-bbe2-4afb-b969-af9daf22a5f2"
    },
    "time": 1736582470362,
    "type": "Profiler",
    "data": {
      "type": "url",
      "value": "https://spark.lucko.me/N3oR0Pd43k"
    }
  },
  {
    "user": {
      "type": "player",
      "name": "xX_BACONPALE2_Xx",
      "uniqueId": "0adae12d-bbe2-4afb-b969-af9daf22a5f2"
    },
    "time": 1736581724108,
    "type": "Profiler (live)",
    "data": {
      "type": "url",
      "value": "https://spark.lucko.me/PNXxcvpShz"
    }
  }
]